# The M4 frozen incident corpus. THIS FILE IS THE INCIDENT: it is committed, checksum-pinned by
# the gate, and never regenerated by the code it tests. docs/M4-TAINT.md names its role.
#
# session|<session-id>                       — a Loom session; its branch carries the same name
# fork|<from-branch>|<new-branch>            — an agent hypothesis fork (opened before any data)
# commit|<session>|<branch>|<actor>|<table>|<sources>|<key>|<payload…>
#   telemetry payload: body|cost_micros|error|event_time
#   claims payload:    subject|asserts|confidence_bp
#   sources: comma-separated system:record; the reserved internal form mutiny:<table>/<key>
#   cites another MutinyDB row (the loader hex-encodes the key per the M4 convention)
# action|<branch>|<actor>|<action_type>|<target>|<idempotency-key>|<justifying-claim-keys>
# downstream|<system:record>|<branch>|<table>|<key> — the corpus's OWN declaration of what is
#   downstream of each poisoned source; the oracle world and the expected plan are built from
#   these lines, never from the taint code under test.
session|sess-a
session|sess-b
fork|sess-a|hyp-a
commit|sess-a|sess-a|analyst-a|telemetry|web:scraped-page-77|evt-a1|urgent credential compromise reported by scraped page|12000000|true|1001
commit|sess-a|sess-a|analyst-a|telemetry|erp:ledger-9|evt-a2|routine ledger reconciliation complete|3000000|false|1002
commit|sess-b|sess-b|analyst-b|telemetry|erp:ledger-9|evt-b1|urgent database security control alert|11000000|true|1003
commit|sess-b|sess-b|analyst-b|telemetry|ticket:INC-42|evt-b2|routine user authentication success|1000000|false|1004
commit|sess-a|sess-a|analyst-a|claims|web:scraped-page-77,erp:ledger-9|clm-1|user-4471|is_compromised|9900
commit|sess-a|hyp-a|agent-responder|telemetry|web:scraped-page-77|evt-h1|urgent identity takeover suspected for user-4471|9000000|true|1005
commit|sess-a|hyp-a|agent-responder|telemetry|ticket:INC-42|evt-h2|routine backup verified|1000000|false|1006
commit|sess-a|hyp-a|agent-responder|claims|mutiny:claims/clm-1|clm-2|user-4471|requires_suspension|9500
commit|sess-b|sess-b|analyst-b|claims|erp:ledger-9|clm-3|acct-7|is_reconciled|9000
commit|sess-a|sess-a|analyst-a|telemetry|web:scraped-page-91|evt-a3|urgent phishing wave claimed by second scraped page|7000000|true|1007
commit|sess-a|sess-a|analyst-a|claims|web:scraped-page-91|clm-4|vendor-9|is_flagged|8000
action|hyp-a|agent-responder|identity.suspend_account|user-4471|suspend-user-4471|clm-2
downstream|web:scraped-page-77|sess-a|telemetry|evt-a1
downstream|web:scraped-page-77|sess-a|claims|clm-1
downstream|web:scraped-page-77|hyp-a|telemetry|evt-h1
downstream|web:scraped-page-77|hyp-a|claims|clm-2
downstream|web:scraped-page-91|sess-a|telemetry|evt-a3
downstream|web:scraped-page-91|sess-a|claims|clm-4
