# The M5 forked variant of the incident corpus. THIS FILE IS THE INCIDENT: committed,
# checksum-pinned by the gate, never regenerated by the code it tests. It extends the M4 format
# with the durable branch lifecycle, in the order the incident happened:
#
# forkc|<session>|<from>|<child>   — a durable fork: one commit on the parent's timeline, then
#                                    the child's standing state is hydrated from the parent's
# rewindc|<session>|<child>        — a durable rewind: recorded, then the state is torn down
# mergec|<session>|<child>|<into>  — the child's post-fork divergence merged into `into`,
#                                    policy re-run per write, all-or-nothing, marker-deduplicated
#
# The story: sess-a ingests a poisoned page and derives a compromise claim from it. The agent
# forks two hypotheses. hyp-a inherits the poisoned standing state, does clean follow-up work,
# and is merged back; hyp-b is a dead end and is rewound. The account is suspended on the
# strength of the poisoned claim. Then the source is discovered to be a lie, and one taint call
# must heal the parent AND the fork's inherited state, leave the bystander untouched, and lead
# its report with the suspension receipt.
session|sess-a
session|sess-b
commit|sess-a|sess-a|analyst-a|telemetry|web:scraped-page-77|evt-a1|urgent credential compromise reported by scraped page|12000000|true|1001
commit|sess-a|sess-a|analyst-a|telemetry|erp:ledger-9|evt-a2|routine ledger reconciliation complete|3000000|false|1002
commit|sess-a|sess-a|analyst-a|claims|web:scraped-page-77,erp:ledger-9|clm-1|user-4471|is_compromised|9900
forkc|sess-a|sess-a|hyp-a
forkc|sess-a|sess-a|hyp-b
commit|sess-a|hyp-a|agent-responder|telemetry|ticket:INC-42|evt-h1|routine backup verified after takeover check|3000000|false|1003
commit|sess-a|sess-a|analyst-a|telemetry|erp:ledger-9|evt-a3|routine settlement complete|2000000|false|1004
commit|sess-a|hyp-b|agent-responder|telemetry|ticket:INC-42|evt-x1|routine experiment probe abandoned|5000000|false|1005
commit|sess-b|sess-b|analyst-b|telemetry|erp:ledger-9|evt-b1|urgent database security control alert|11000000|true|1006
mergec|sess-a|hyp-a|sess-a
rewindc|sess-a|hyp-b
action|hyp-a|agent-responder|identity.suspend_account|user-4471|suspend-user-4471|clm-1
downstream|web:scraped-page-77|sess-a|telemetry|evt-a1
downstream|web:scraped-page-77|sess-a|claims|clm-1
